{"pos":{"x":1.8400583267211915,"y":0.0,"z":-4.030917167663574}}
